Model,Test Score,Train Score
Logistic Regresion,81.33333333333333,81.14285714285714
Decision Tree Classifier,81.33333333333333,82.14285714285714
Random Forest Classifier,81.33333333333333,82.14285714285714
XGBoost Classifier,81.33333333333333,82.14285714285714
